{
  "anchors": [
    3.56,
    3.31,
    2.12,
    3.3,
    2.84,
    4.8,
    4.03,
    5.73,
    1.84,
    1.69
  ],
  "inputs": {
    "input0": [
      224,
      224,
      3
    ]
  },
  "outputs": {
    "output0": [
      7,
      7,
      30
    ]
  },
  "params_quantity": 1856046,
  "loss": [
    [
      1,
      6.62219
    ],
    [
      2,
      31.17388
    ],
    [
      3,
      9.46925
    ],
    [
      4,
      9.5561
    ],
    [
      5,
      9.22663
    ],
    [
      6,
      6.44983
    ],
    [
      7,
      2.84274
    ],
    [
      8,
      1.09168
    ],
    [
      9,
      0.81698
    ],
    [
      10,
      0.47827
    ],
    [
      11,
      0.37807
    ],
    [
      12,
      0.30547
    ],
    [
      13,
      0.23605
    ],
    [
      14,
      0.22061
    ],
    [
      15,
      0.20239
    ],
    [
      16,
      0.17075
    ],
    [
      17,
      0.14255
    ],
    [
      18,
      0.12994
    ],
    [
      19,
      0.11919
    ],
    [
      20,
      0.10292
    ],
    [
      21,
      0.09866
    ],
    [
      22,
      0.0871
    ],
    [
      23,
      0.08775
    ],
    [
      24,
      0.07054
    ],
    [
      25,
      0.06516
    ],
    [
      26,
      0.06215
    ],
    [
      27,
      0.05847
    ],
    [
      28,
      0.05584
    ],
    [
      29,
      0.0534
    ],
    [
      30,
      0.05384
    ],
    [
      31,
      0.05131
    ],
    [
      32,
      0.05294
    ],
    [
      33,
      0.0494
    ],
    [
      34,
      0.05036
    ],
    [
      35,
      0.04692
    ],
    [
      36,
      0.04432
    ],
    [
      37,
      0.0448
    ],
    [
      38,
      0.04019
    ],
    [
      39,
      0.04111
    ],
    [
      40,
      0.04001
    ],
    [
      41,
      0.03647
    ],
    [
      42,
      0.03675
    ],
    [
      43,
      0.03749
    ],
    [
      44,
      0.03567
    ],
    [
      45,
      0.03469
    ],
    [
      46,
      0.03226
    ],
    [
      47,
      0.02989
    ],
    [
      48,
      0.03082
    ],
    [
      49,
      0.02868
    ],
    [
      50,
      0.03072
    ],
    [
      51,
      0.02708
    ],
    [
      52,
      0.03039
    ],
    [
      53,
      0.02685
    ],
    [
      54,
      0.02822
    ],
    [
      55,
      0.02713
    ],
    [
      56,
      0.02981
    ],
    [
      57,
      0.02496
    ],
    [
      58,
      0.02525
    ],
    [
      59,
      0.02189
    ],
    [
      60,
      0.02232
    ],
    [
      61,
      0.02676
    ],
    [
      62,
      0.02291
    ],
    [
      63,
      0.02318
    ],
    [
      64,
      0.02288
    ],
    [
      65,
      0.02133
    ],
    [
      66,
      0.02077
    ],
    [
      67,
      0.01962
    ],
    [
      68,
      0.02033
    ],
    [
      69,
      0.01994
    ],
    [
      70,
      0.02078
    ],
    [
      71,
      0.01953
    ],
    [
      72,
      0.01952
    ],
    [
      73,
      0.01804
    ],
    [
      74,
      0.01712
    ],
    [
      75,
      0.01636
    ],
    [
      76,
      0.01889
    ],
    [
      77,
      0.02036
    ],
    [
      78,
      0.01554
    ],
    [
      79,
      0.01913
    ],
    [
      80,
      0.0167
    ],
    [
      81,
      0.01941
    ],
    [
      82,
      0.02399
    ],
    [
      83,
      0.01777
    ],
    [
      84,
      0.02127
    ],
    [
      85,
      0.02153
    ],
    [
      86,
      0.02182
    ],
    [
      87,
      0.02103
    ],
    [
      88,
      0.0179
    ],
    [
      89,
      0.01683
    ],
    [
      90,
      0.0176
    ],
    [
      91,
      0.0187
    ],
    [
      92,
      0.01574
    ],
    [
      93,
      0.01823
    ],
    [
      94,
      0.01615
    ],
    [
      95,
      0.01572
    ],
    [
      96,
      0.01445
    ],
    [
      97,
      0.01461
    ],
    [
      98,
      0.01625
    ],
    [
      99,
      0.01664
    ],
    [
      100,
      0.01524
    ]
  ],
  "acc": [
    [
      1,
      0.3084
    ],
    [
      2,
      0.33141
    ],
    [
      3,
      0.32276
    ],
    [
      4,
      0.31771
    ],
    [
      5,
      0.33414
    ],
    [
      6,
      0.20345
    ],
    [
      7,
      0.2443
    ],
    [
      8,
      0.225
    ],
    [
      9,
      0.25343
    ],
    [
      10,
      0.24535
    ],
    [
      11,
      0.23168
    ],
    [
      12,
      0.23222
    ],
    [
      13,
      0.24392
    ],
    [
      14,
      0.26058
    ],
    [
      15,
      0.27128
    ],
    [
      16,
      0.27195
    ],
    [
      17,
      0.27063
    ],
    [
      18,
      0.28019
    ],
    [
      19,
      0.28885
    ],
    [
      20,
      0.29239
    ],
    [
      21,
      0.30246
    ],
    [
      22,
      0.3059
    ],
    [
      23,
      0.3022
    ],
    [
      24,
      0.30491
    ],
    [
      25,
      0.31032
    ],
    [
      26,
      0.31749
    ],
    [
      27,
      0.31668
    ],
    [
      28,
      0.32019
    ],
    [
      29,
      0.32023
    ],
    [
      30,
      0.32214
    ],
    [
      31,
      0.32245
    ],
    [
      32,
      0.32515
    ],
    [
      33,
      0.32787
    ],
    [
      34,
      0.32799
    ],
    [
      35,
      0.32898
    ],
    [
      36,
      0.32741
    ],
    [
      37,
      0.33095
    ],
    [
      38,
      0.33175
    ],
    [
      39,
      0.33257
    ],
    [
      40,
      0.33356
    ],
    [
      41,
      0.3323
    ],
    [
      42,
      0.33516
    ],
    [
      43,
      0.33517
    ],
    [
      44,
      0.33719
    ],
    [
      45,
      0.33697
    ],
    [
      46,
      0.33672
    ],
    [
      47,
      0.33415
    ],
    [
      48,
      0.33373
    ],
    [
      49,
      0.3349
    ],
    [
      50,
      0.33676
    ],
    [
      51,
      0.33713
    ],
    [
      52,
      0.33809
    ],
    [
      53,
      0.33574
    ],
    [
      54,
      0.33676
    ],
    [
      55,
      0.33808
    ],
    [
      56,
      0.33656
    ],
    [
      57,
      0.33892
    ],
    [
      58,
      0.34031
    ],
    [
      59,
      0.34281
    ],
    [
      60,
      0.34318
    ],
    [
      61,
      0.3434
    ],
    [
      62,
      0.3402
    ],
    [
      63,
      0.34038
    ],
    [
      64,
      0.33883
    ],
    [
      65,
      0.34036
    ],
    [
      66,
      0.33971
    ],
    [
      67,
      0.34216
    ],
    [
      68,
      0.34214
    ],
    [
      69,
      0.34223
    ],
    [
      70,
      0.34255
    ],
    [
      71,
      0.34277
    ],
    [
      72,
      0.34475
    ],
    [
      73,
      0.34477
    ],
    [
      74,
      0.34452
    ],
    [
      75,
      0.34515
    ],
    [
      76,
      0.34417
    ],
    [
      77,
      0.34293
    ],
    [
      78,
      0.34243
    ],
    [
      79,
      0.34332
    ],
    [
      80,
      0.34421
    ],
    [
      81,
      0.34331
    ],
    [
      82,
      0.34359
    ],
    [
      83,
      0.34223
    ],
    [
      84,
      0.34251
    ],
    [
      85,
      0.34334
    ],
    [
      86,
      0.34373
    ],
    [
      87,
      0.34417
    ],
    [
      88,
      0.3436
    ],
    [
      89,
      0.34251
    ],
    [
      90,
      0.34437
    ],
    [
      91,
      0.34545
    ],
    [
      92,
      0.34673
    ],
    [
      93,
      0.34617
    ],
    [
      94,
      0.34525
    ],
    [
      95,
      0.34713
    ],
    [
      96,
      0.34494
    ],
    [
      97,
      0.34752
    ],
    [
      98,
      0.34748
    ],
    [
      99,
      0.34713
    ],
    [
      100,
      0.34706
    ]
  ],